video_url,user_url,username,title,view_num,created_at,shortdesc,collected_at
/watch?v=Cibof3UtgK8&pp=ygUQbW92ZSB0byBuZXcgeW9yaw%3D%3D,/@ChelseaCallahan,Chelsea Callahan,Moving to New York City in 2023? What to ACTUALLY expect.,234K,1 year,This is what no one tells you about what living in NYC in 2023 if you're just an average person like me. If you're going to move¬†...,2024-01-26 21:42:05.528873
/watch?v=KMBLMLq22tw&pp=ygUQbW92ZSB0byBuZXcgeW9yaw%3D%3D,/@HereBeBarr,Here Be Barr,10 Things I Wish I Knew Before Moving to NYC...,43K,2 months,"Shout out to our Highline and Higher Members: ActionKid , Chelsea Prince, Robin Palmer, Gerome L David, Susie Okimoto,¬†...",2024-01-26 21:42:05.531832
/watch?v=UQA4EsdxqJU&pp=ygUQbW92ZSB0byBuZXcgeW9yaw%3D%3D,/@iovany_Meslab,iovany_MesLab,Moving to New York! How Does Oyuki Feel about it.....podcast #2,1.9K,17 hours,"Some of the Equipment I use: 36"" cellphone tripod for slots https://amzn.to/2MVsz3Q 60"" cellphone tripod for slots¬†...",2024-01-26 21:42:05.533984
/watch?v=ZTEN359V8pI&pp=ygUQbW92ZSB0byBuZXcgeW9yaw%3D%3D,/channel/UCkFQXXAd61-_jRLSkCLa81w,The Wombats,The Wombats - Moving to New York (Official Video),2.5M,16 years,"Official Video for ""Moving to New York"" by The Wombats Follow The Wombats: Facebook: https://facebook.com/thewombatsuk¬†...",2024-01-26 21:42:14.346067
/watch?v=83bLfZlBpnU&pp=ygUQbW92ZSB0byBuZXcgeW9yaw%3D%3D,/@ShelbyChurch,Shelby Church,Apartment Hunting in NYC in 2023 *with prices*,335K,4 months,"I went to NYC to decide if I want to move here - so I'm taking you all along on some apartment tours! FiDi apartments: 20 Broad,¬†...",2024-01-26 21:42:14.349717
/watch?v=4X3hDrlc5I4&pp=ygUQbW92ZSB0byBuZXcgeW9yaw%3D%3D,/@RRindustry,RRindustry,The Wombats - Moving to New York,3.2M,14 years,"The Wombats are an indie band from Liverpool, UK. They comprise two native Liverpudlians; Matthew Murphy, provider of vocals,¬†...",2024-01-26 21:42:14.351990
/watch?v=dIJ3ww1-JRg&pp=ygUQbW92ZSB0byBuZXcgeW9yaw%3D%3D,/@ColtKirwan,Colt Kirwan,Moving to New York City at 22,266K,7 months,"Moving out of your parents house is a big step in anyones life. In this video, I take you along that journey for me as I move to NYC¬†...",2024-01-26 21:42:14.354515
/watch?v=aWkwxIJnieU&pp=ygUQbW92ZSB0byBuZXcgeW9yaw%3D%3D,/@lenalifts,LenaLifts,moving into my dream NYC apartment: empty apartment tour & living alone!,346K,2 weeks,"I moved into my dream NYC high rise apartment! come move in with me, living alone in NYC, and empty NYC apartment tour¬†...",2024-01-26 21:42:14.358306
/watch?v=z68vAOQuyho&pp=ygUQbW92ZSB0byBuZXcgeW9yaw%3D%3D,/@JENerationDIY,JENerationDIY,moving to New York City alone,208K,7 months,"yes i did just finish my new condo renovations. yes i am going through my quarter life crisis right now. anyway, here's me moving¬†...",2024-01-26 21:42:14.360743
/watch?v=dNY7e54j4UM&pp=ygUQbW92ZSB0byBuZXcgeW9yaw%3D%3D,/@nk.medani,NK Medani,"Q&A: Living in New York, NYC apartment hunting, dating in my late 20s, my full-time job, NYC recs",632,2 days,Welcome & happy you're here! Let's chat about your questions! QUESTIONS in order: 1. how old are you? 2. how tall are you?,2024-01-26 21:42:14.363054
/watch?v=zFRXI6qehnY&pp=ygUQbW92ZSB0byBuZXcgeW9yaw%3D%3D,/@mohuyakhan,Mohuya Khan,EVERYTHING you should know before moving to NYC in 2024 (how much $$$ you should save up + more),3.4K,2 weeks,trying to move to NYC this year? this is the most CONCISE + informational video for u. we're starting off 2024 strong by doing the¬†...,2024-01-26 21:42:14.366384
/watch?v=fD92J4W9n04&pp=ygUQbW92ZSB0byBuZXcgeW9yaw%3D%3D,/@RoadrunnerRecords,Roadrunner Records,The Wombats - Moving To New York [OFFICIAL VIDEO],2.2M,14 years,"LYRICS I've just had the craziest week, Like a party bag of lies, booze and then deceit. And I don't know why I want to voice this¬†...",2024-01-26 21:42:14.369162
/watch?v=KsOPCNQapjo&pp=ygUQbW92ZSB0byBuZXcgeW9yaw%3D%3D,/@maiphammy,Mai Pham,MOVING TO NEW YORK ALONE AT 19!,2.8M,1 year,‚á¢ Q: Where do you live? NYC (originally from Canada) ‚á¢ Q: What camera do you use? A: Canon M50 + 11-22mm ‚á¢ Q: What¬†...,2024-01-26 21:42:14.371969
/watch?v=aZ4v8f_WMvk&pp=ygUQbW92ZSB0byBuZXcgeW9yaw%3D%3D,/@ChelseaCallahan,Chelsea Callahan,Moving to New York City in 2023? Know this BEFORE moving.,109K,10 months,No one talks about the DETAILS of planning to move to new york city and what to do right when you get to the city. UNTIL NOW. lol¬†...,2024-01-26 21:42:14.375750
/watch?v=KFMhR1w0tjA&pp=ygUQbW92ZSB0byBuZXcgeW9yaw%3D%3D,/@WorldAccordingToBriggs,World According To Briggs,Real Reasons People Won't Move to New York.,265K,7 months,"Why Nobody Wants to Move to New York Anymore. New York State is shrinking in population. There are many reasons for this,¬†...",2024-01-26 21:42:14.378567
/watch?v=L2YtmqCeNz8&pp=ygUQbW92ZSB0byBuZXcgeW9yaw%3D%3D,/@DarViajar,Ryan Flynn,How to Move to NYC on a Budget in 2024,16K,9 months,New York City is an intimidating place to move to. This guide will help you in your move to the big apple by breaking down the¬†...,2024-01-26 21:42:14.380976
/watch?v=HzX7yecdMgY&pp=ygUQbW92ZSB0byBuZXcgeW9yaw%3D%3D,/@SydneySerena,Sydney Serena,Moving to New York City Alone ‚òÖ MOVING VLOGS ep.1,298K,3 months,moving to NYC alone... episode 1. i can't wait to share this new chapter of my life with you guys!! follow me on insta-¬†...,2024-01-26 21:42:14.384475
/watch?v=bCVIP7ZOI-U&pp=ygUQbW92ZSB0byBuZXcgeW9yaw%3D%3D,/@Lindsiann,Lindsiann,I Moved to New York City Alone at 20,161K,7 months,nyc baby ;) Socials ^_‚àí‚òÜ Instagram: @lindsiannshi Depop: @lindsiclothes Tik Tok- @lindsiann Pinterest- Lindsiann Amazon¬†...,2024-01-26 21:42:14.387017
/watch?v=bKD3xdldZ3k&pp=ygUQbW92ZSB0byBuZXcgeW9yaw%3D%3D,/@KellyWakasa,Kelly Wakasa,Moving to New York City!,728K,2 years,ROOMIES!! @urmomashley @ELLIOTCHOY @annemariechase Follow My Brand - https://www.instagram.com/dowhatexcites/¬†...,2024-01-26 21:42:14.390401
/watch?v=7jy3o0stxOQ&pp=ygUQbW92ZSB0byBuZXcgeW9yaw%3D%3D,/@alexiseldredge,alexis eldredge,MOVING INTO MY NEW NYC APARTMENT (and leaving my nyc studio) *a realistic moving vlog*,68K,2 months,moving into my new nyc apartment!!! spend a few days moving out of my nyc studio and into my nyc 3 bedroom apartment. in this¬†...,2024-01-26 21:42:14.393393
/watch?v=EicSWcQsSRs&pp=ygUQbW92ZSB0byBuZXcgeW9yaw%3D%3D,/@aliazaita,alia zaita,I moved to NYC!,117K,4 months,eeeekkkkkk! we're in new york cityyyyy i can't believe we actually live here...? saying the last couple of months have been¬†...,2024-01-26 21:42:23.928398
/watch?v=cTEyGumjzU0&pp=ygUQbW92ZSB0byBuZXcgeW9yaw%3D%3D,/@alexiseldredge,alexis eldredge,i am starting a new chapter of my life in new york city.,59K,2 months,"i am starting a brand new chapter of my life in new york city and i am taking you along with me. but first, i reflect on the time in my¬†...",2024-01-26 21:42:23.935387
/watch?v=xPBtA8bQEos&pp=ygUQbW92ZSB0byBuZXcgeW9yaw%3D%3D,/@ChelseaCallahan,Chelsea Callahan,I'M MOVING IN NEW YORK CITY: A *chaotic* packing vlog + NEW apartment preview,93K,4 months,"That's right, I'm moving out of my tiny nyc studio apartment into a much bigger space (still in nyc though) and am SO EXCITED and¬†...",2024-01-26 21:42:23.940623
/watch?v=al1Cn92ReIg&pp=ygUQbW92ZSB0byBuZXcgeW9yaw%3D%3D,/@hesiworld,Hesi World,This New Knicks Trade is a Bigger Chess Move Than You Think,No,2 hours,"This New Knicks Trade is a Bigger Chess Move Than You Think If you're a Knicks fan, you're probably PISSED you just lost your¬†...",2024-01-26 21:42:23.948480
/watch?v=KBwH0Z0NBz4&pp=ygUQbW92ZSB0byBuZXcgeW9yaw%3D%3D,/@MicarahTewers,Micarah Tewers,Moving To New York- A Riveting Vlog!,752K,8 months,I can't wait for you to shop my lil collection! scoot your booty on over to thredUP and be sure to use code MICARAH for 40% off¬†...,2024-01-26 21:42:23.960168
/watch?v=vfeykrN46g0&pp=ygUQbW92ZSB0byBuZXcgeW9yaw%3D%3D,/@DarViajar,Ryan Flynn,Everything You Need to Know Before Moving to NYC in 2024,5.2K,4 months,Consider this your complete guide to moving to New York City. Buy me a taco! https://www.buymeacoffee.com/ryanflynn My¬†...,2024-01-26 21:42:23.963677
/watch?v=3YPn6w54duc&pp=ygUQbW92ZSB0byBuZXcgeW9yaw%3D%3D,/@DefendingEmployers,Defending Employers Podcast,Episode 306: Ending Future Exposure in New York: The Release and Resignation Guide,No,4 hours,"Your goal is to move your New York workers' compensation case to a timely closure, but there are some commonly-overlooked¬†...",2024-01-26 21:42:23.966018
/watch?v=3y7fRg7w2DE&pp=ygUQbW92ZSB0byBuZXcgeW9yaw%3D%3D,/@ABCNews,ABC News,"LIVE: ABC News Live - Thursday, January 25",101K,Streamed 17 hours,"ABC News Live is ABC News' award-winning 24/7 streaming news channel with live coverage as news breaks, up-to- the-minute¬†...",2024-01-26 21:42:23.981452
/watch?v=QwECIxMS53s&pp=ygUQbW92ZSB0byBuZXcgeW9yaw%3D%3D,/@DefendingEmployers,Defending Employers Podcast,Episode 299: Don‚Äôt Overlook Risk Transfer When Closing Cases in New York,No,4 hours,"Your goal is to move your New York workers' compensation case to a timely closure, but there are some commonly-overlooked¬†...",2024-01-26 21:42:23.984435
/watch?v=OAFMetebHSg&pp=ygUQbW92ZSB0byBuZXcgeW9yaw%3D%3D,/@Postmail66,The Postmaster ,üí• Mindblowing AS NEW YORK HIGH COURT MAKES THIS UNEXPECTED UNFRIENDLY MOVE against trump,No,22 hours,video #breakingnews #news #comment #reaction #share #reels #subscribe #trump #facts #like #trumplatestnews #fyp #factnews¬†...,2024-01-26 21:42:23.986640
/watch?v=MiEe07Cnclk&pp=ygUQbW92ZSB0byBuZXcgeW9yaw%3D%3D,/@ELLIOTCHOY,Elliot Choy,Moving into a new NYC apartment üì¶,550K,2 months,time to move into a new NYC apartment ~ really excited about this one :) instagram: https://instagram.com/elliotchoy if you're¬†...,2024-01-26 21:42:23.989087
/watch?v=2JcYwDyv5Ws&pp=ygUQbW92ZSB0byBuZXcgeW9yaw%3D%3D,/@ChelseaCallahan,Chelsea Callahan,MOVING OUT of my tiny NYC studio apartment ü•π *NEW apartment reveal*,130K,4 months,Love me some Waterdrop   Use my code CHELSEA for 15% off for 3 weeks using this link:¬†...,2024-01-26 21:42:23.997770
/watch?v=qEWhYWYXBy4&pp=ygUQbW92ZSB0byBuZXcgeW9yaw%3D%3D,/@dobochobo,dobochobo,moving to new york! & living alone for the first time... „Ö†„Ö†,310K,6 months,"I'M IN NEW YORK! so grateful for this opportunity, i can't wait to share more of my adventures with you all :') until next time,¬†...",2024-01-26 21:42:24.002994
/watch?v=zVN3XJ-jse8&pp=ygUQbW92ZSB0byBuZXcgeW9yaw%3D%3D,/@KellyWakasa,Kelly Wakasa,Moving into My New NYC Apartment,820K,2 months,"comment ""i saw the dog in the closet earlier it's a german shepard"" if you see this hehehe JOIN MY SECRET DISCORD¬†...",2024-01-26 21:42:24.016246
/watch?v=cpVK4o4APp4&pp=ygUQbW92ZSB0byBuZXcgeW9yaw%3D%3D,/channel/UCwTAaN3uqNogOBAluy8zzDg,steven morea,moving into my new nyc apartment,64K,9 months,"if you liked this video, give it a thumbs up! FOLLOW ME: INSTAGRAM: @stevenmorea TWITTER: @StevenMorea TIKTOK:¬†...",2024-01-26 21:42:24.019394
/watch?v=ao03Ylb2148&pp=ygUQbW92ZSB0byBuZXcgeW9yaw%3D%3D,/@HereBeBarr,Here Be Barr,What I Wish I Knew Before Moving To New York City,52K,1 year,Moving to New York City 7 Hard Truths Chapter List: 0:00- Intro 0:11- 1) Never Too Old To Move to NYC 1:23- 2) Don't Let Brokers¬†...,2024-01-26 21:42:24.023563
/watch?v=ne8bokGfY2o&pp=ygUQbW92ZSB0byBuZXcgeW9yaw%3D%3D,/@Hannahtharrell,Hannah Harrell,VLOG: moving to NYC,59K,11 months,"Six months in the making, and we finally made it to New York   This was definitely a process to say the least, but I'm so excited¬†...",2024-01-26 21:42:33.792947
/shorts/uBT3J8dRB64,/@GiannaChristine,Gianna Christine,how to live in NYC for cheap! #shorts,605K,2 years,This is how i afford to live in new york city for cheap no i don't have an off but i do have multiple jobs i'll pay for it first i share a¬†...,2024-01-26 21:42:33.796017
/watch?v=nd6ip-tNnOs&pp=ygUQbW92ZSB0byBuZXcgeW9yaw%3D%3D,/@Alexissparks,Alexis Sparks,I packed up my entire life and moved to new york city,9.9K,3 days,"I have been holding this secret for so long, I moved to New York! Here is my 1st Moving Vlog! Hope you enjoy my Moving to New¬†...",2024-01-26 21:42:33.799014
/watch?v=SmMpBiXcuJs&pp=ygUQbW92ZSB0byBuZXcgeW9yaw%3D%3D,/@DrewJoiner,Drew Joiner,I Moved to New York City at 25,40K,4 months,I am excited to announce that I have officially moved to New York City! The last 3 years on this channel have been absolutely¬†...,2024-01-26 21:42:33.802865
/watch?v=7yUM_LlJhLM&pp=ygUQbW92ZSB0byBuZXcgeW9yaw%3D%3D,/@bestdressed,bestdressed,oops! i moved to NYC!,4.1M,3 years,"The Big Moving Vlog‚Ñ¢! Here's a little diary of the past month as I packed up my life in LA, sold my car, did my first ever ~meet and¬†...",2024-01-26 21:42:33.806851
/watch?v=NNFIvsG4LIQ&pp=ygUQbW92ZSB0byBuZXcgeW9yaw%3D%3D,/@TishaShrestha,Tisha Shrestha,MOVING IN NYC ALONE AT 34 (vol. 3) | apartment hunting in new york city saga (its tough out here üò¢),41K,2 weeks,Sooo....we are on the 17th apartment already!! the struggle bus of nyc apartment hunting continues.... feeling very very¬†...,2024-01-26 21:42:33.809766
/watch?v=sJ6MTNXhldY&pp=ygUQbW92ZSB0byBuZXcgeW9yaw%3D%3D,/@whoschrischu,Chris Chu,Why I Moved to NYC,10K,7 months,"Why did I move to the most expensive city in the country? NYC has never ranked that high in places to live. LA was sort of a bust,¬†...",2024-01-26 21:42:33.811863
/watch?v=tuufZ2qMrEE&pp=ygUQbW92ZSB0byBuZXcgeW9yaw%3D%3D,/@maiphammy,Mai Pham,MOVING TO A NEW YORK PENTHOUSE ALONE AT 20,1.9M,1 year,‚ùÄFREQUENTLY ASKED QUESTIONS: ‚á¢ Q: how old are you? 19 ‚á¢ Q: where do you live? NYC (originally from Canada) ‚á¢ Q:¬†...,2024-01-26 21:42:33.813198
/watch?v=pVzmpqhG75Q&pp=ygUQbW92ZSB0byBuZXcgeW9yaw%3D%3D,/@LynetteAdkins,Lynette Adkins,moving to nyc alone at 25,11K,1 day,"after 8 months of living out of a suitcase...i finally signed a lease! move with me to nyc a lot of you already guessed it, but i moved¬†...",2024-01-26 21:42:33.815352
/watch?v=VD0tGf6axLU&pp=ygUQbW92ZSB0byBuZXcgeW9yaw%3D%3D,/@mylifeaseva,MyLifeAsEva,I DID IT. I MOVED TO NEW YORK. | Moving Vlog!,243K,9 months,"Hey, I'm Eva! I've been uploading on YouTube since 2012!! Thank you for being a part of my family and my journey :) I'm currently¬†...",2024-01-26 21:42:33.818835
/watch?v=zCIHAQsgWQs&pp=ygUQbW92ZSB0byBuZXcgeW9yaw%3D%3D,/@mohuyakhan,Mohuya Khan,8 things i wish i knew before i moved to nyc,16K,1 year,"i share all of my nyc wisdom that i've gotten over the past year which includes how brokers scam you, how much to save up before¬†...",2024-01-26 21:42:33.821595
/watch?v=gGzO_g_Yq_g&pp=ygUQbW92ZSB0byBuZXcgeW9yaw%3D%3D,/@lenalifts,LenaLifts,"MOVE IN WITH ME üì¶: moving into my NYC apartment, empty apartment tour, unpacking, & my first night!",137K,1 year,"come move with me to my VERY FIRST apartment in NYC!! i give you guys an empty apartment tour, unpack with me, and¬†...",2024-01-26 21:42:33.824394
/watch?v=U_YeejhCUHo&pp=ygUQbW92ZSB0byBuZXcgeW9yaw%3D%3D,/@mayabeatriz,Maya Beatriz,weekly vlog: üóΩ moving into my dream nyc apartment at 20 + my empty apartment tour,168K,8 months,êê™êëÇ weekly vlog: moving into my dream nyc apartment at 20 + my empty apartment tour êê™êëÇ links: All Amazon stuff¬†...,2024-01-26 21:42:33.833031
/watch?v=6JUXwEJiSnc&pp=ygUQbW92ZSB0byBuZXcgeW9yaw%3D%3D,/@alexiseldredge,alexis eldredge,MOVING IN NEW YORK CITY! packing my studio apartment & empty nyc apartment tour *chaotic*,53K,2 months,SURPRISE! i'm moving! in an unexpected turn of events i am packing up my nyc studio apartment and moving into a very different¬†...,2024-01-26 21:42:33.836191
/watch?v=cu0n05E6zUk&pp=ygUQbW92ZSB0byBuZXcgeW9yaw%3D%3D,/@NickJohnson,Nick Johnson,10 Reasons Why You Should NEVER Move to New York City,880K,3 years,"New York City: The Big Crapple. It is a terrible place. If you live there, this is no surprise. Here are ONLY 10 of the reasons why¬†...",2024-01-26 21:42:33.840281
/watch?v=x4AdhmetbAU&pp=ygUQbW92ZSB0byBuZXcgeW9yaw%3D%3D,/@ChelseaCallahan,Chelsea Callahan,Is it WORTH IT to live alone in New York City? A guide for average people.,105K,6 months,"Finances are always a part of the conversation when it comes to taking the leap to living alone, especially in New York City.",2024-01-26 21:42:33.845658
/watch?v=aLUEpnW4fy4&pp=ygUQbW92ZSB0byBuZXcgeW9yaw%3D%3D,/@HereBeBarr,Here Be Barr,10 BIG Mistakes to Avoid MOVING to NYC!,48K,2 years,10 Big Mistakes To Avoid Moving to NYC Chapter List: 00:00- Intro 00:19- 1) Picking the Wrong Neighborhood 01:44- 2) Not¬†...,2024-01-26 21:42:33.849773
/watch?v=4juSAp9jQjA&pp=ygUQbW92ZSB0byBuZXcgeW9yaw%3D%3D,/@casey,CaseyNeistat,WE MOVED BACK TO NEW YORK CITY,4M,1 year,"MUSIC; Isabelle Pierre ""Le temps est bon"" https://alterk.lnk.to/IsabellePierreLeTempsEstBon Tristesse Contemporaine - I Didn't¬†...",2024-01-26 21:42:33.852592
/watch?v=-WKiDBRMzx4&pp=ygUQbW92ZSB0byBuZXcgeW9yaw%3D%3D,/@brettconti,Brett Conti,Living in NYC: Expectations VS Reality,117K,1 year,The expectations vs reality of living in New York City Subscribe for more videos @brettconti Thanks to Madewell for sponsoring¬†...,2024-01-26 21:42:33.855817
/watch?v=AGUM5Qp-c_0&pp=ygUQbW92ZSB0byBuZXcgeW9yaw%3D%3D,/@ShelbyChurch,Shelby Church,everything you need to know before moving to New York City,136K,2 years,"I spent a month in new york city to decide if I wanted to move here, here's everything I learned from my time there and my YouTube¬†...",2024-01-26 21:42:44.130442
/watch?v=IdceNgvYB8k&pp=ygUQbW92ZSB0byBuZXcgeW9yaw%3D%3D,/@themusingsofacrouton1098,The Musings of a Crouton,DON'T move to New York CityüåÉ,11K,2 years,"Tags: Don't move to new york city, moving to new york city, reality of moving to new york city, i'm moving to new york city, what you¬†...",2024-01-26 21:42:44.134160
/watch?v=rjGZ0nApohQ&pp=ygUQbW92ZSB0byBuZXcgeW9yaw%3D%3D,/@mohuyakhan,Mohuya Khan,how i afford the nyc lifestyle as a 23 year old,178K,1 year,"... nyc apartment tour elena taber, living alone in nyc vlog ,living alone diaries, michelle choi, how to move to new york city,¬†...",2024-01-26 21:42:44.135687
/watch?v=pmfKm2xAXn8&pp=ygUQbW92ZSB0byBuZXcgeW9yaw%3D%3D,/@ELLIOTCHOY,Elliot Choy,Moving into my new NYC apartment,4.2M,1 year,getting settled in my new apartment ~ excited for you guys to come on this next chapter w me :) next video:¬†...,2024-01-26 21:42:44.138627
/watch?v=GcJo_7z0qAQ&pp=ygUQbW92ZSB0byBuZXcgeW9yaw%3D%3D,/@ChelseaCallahan,Chelsea Callahan,Waking up at 6:00am to be productive *for once*. A New York City vlog.,7.6K,2 hours,Use code CHELCALL50 to get 50% OFF First Box and free wellness shots for life with any active subscription at¬†...,2024-01-26 21:42:44.141336
/shorts/x1NPkPY6osQ,/@TacoBellFan22,TacoBellFan 22,Why I‚Äôm Leaving New York City!,6.4M,2 years,Why i'm leaving new york city times square doesn't even have a clock anywhere what time is it the pizza has cheese giant¬†...,2024-01-26 21:42:44.146621
/watch?v=sluglWm3HOE&pp=ygUQbW92ZSB0byBuZXcgeW9yaw%3D%3D,/@urmomashley,ur mom ashley,moving into my dream NYC high-rise apartment!,951K,3 months,I edit w/ Final Cut Pro X current sub count: 1550000 :) - business email: ashley@whalarstars.com.,2024-01-26 21:42:44.149532
/shorts/GYYCBhZMDqk,/@HighLifeWorkout,Brandon Carter,Why I Moved From Manhattan To Miami üóΩ‚úàÔ∏èüèñ,200K,1 year,Follow me on Instagram - http://instagram.com/kingketo.,2024-01-26 21:42:44.153978
/watch?v=OfvpNw0acAU&pp=ygUQbW92ZSB0byBuZXcgeW9yaw%3D%3D,/@theregoesgail,Gail Schulman,MOVING DAY! & into my new NYC apartment ü•∞,11K,2 days,"Welcome, everyone! Today was the big day - movers arrived at 7am sharp and finished just after 10am. I still need to patch up¬†...",2024-01-26 21:42:44.163239
/watch?v=SufnveuSVxQ&pp=ygUQbW92ZSB0byBuZXcgeW9yaw%3D%3D,/@TBS,TBS,Friends: Ross Wants Emily to Move to New York (Season 4 Clip) | TBS,997K,3 years,"Ross wants Emily to move in with him, but the guys think he is moving too fast. #TBS #Friends #DavidSchwimmer SUBSCRIBE:¬†...",2024-01-26 21:42:44.166856
/watch?v=sckFRWkdnt4&pp=ygUQbW92ZSB0byBuZXcgeW9yaw%3D%3D,/@RitaKaminski,Rita Kaminski,How I manifested moving to New York,10K,1 year,I would be so grateful if you gave this video a LIKE and hit the SUBSCRIBE button! ‚ú∞ S O C I A L ‚ú∞ instagram ‚û≠ @ritakaminskii¬†...,2024-01-26 21:42:44.173019
/watch?v=ZiT6xaPuSaI&pp=ygUQbW92ZSB0byBuZXcgeW9yaw%3D%3D,/@brettconti,Brett Conti,What I Spend in a Month Living in NYC,272K,8 months,"Living in New York can be quite expensive so today I go through how much I spend in a typical month from groceries, food,¬†...",2024-01-26 21:42:44.176570
/watch?v=LKsuFwC-Q5I&pp=ygUQbW92ZSB0byBuZXcgeW9yaw%3D%3D,/@HereBeBarr,Here Be Barr,Moving to NYC ‚ÄìThe 10 BIGGEST Adjustments I Had To Make !  (New York City Tips),91K,4 years,Moving to NYC ? What are the biggest adjustments you have to make as a resident of New York City ? I answer a viewer received¬†...,2024-01-26 21:42:44.180707
/watch?v=_T7Wpg7A_xw&pp=ygUQbW92ZSB0byBuZXcgeW9yaw%3D%3D,/@CALEBWSIMPSON,CALEB SIMPSON,This tiny NYC apartment goes for $650 a month!,18M,1 year,"New York City comes in all shapes and sizes. In this new series, I explore interesting spaces and apartments. Today we tour the¬†...",2024-01-26 21:42:44.185632
/watch?v=9icj6NHx0r0&pp=ygUQbW92ZSB0byBuZXcgeW9yaw%3D%3D,/@HereBeBarr,Here Be Barr,Pros and Cons of Living in NYC (Worth It?),379K,2 years,Pros and Cons of Living in New York City Chapter List: 00:00- Intro 00:38- Pro: The Food 01:35- Con: Cost Of Living 02:23- Pro:¬†...,2024-01-26 21:42:44.189424
/watch?v=1zqBtNDxvLU&pp=ygUQbW92ZSB0byBuZXcgeW9yaw%3D%3D,/@UrbanCaffeine,Urban Caffeine,Moving to New York City (How to prepare to move to NYC),9.7K,11 months,Are you thinking of moving to NYC? Do you need some moving to New York City tips? What are the things to consider? How do¬†...,2024-01-26 21:42:44.192325
/watch?v=CDS2-JSnn_A&pp=ygUQbW92ZSB0byBuZXcgeW9yaw%3D%3D,/@KyonneSmith,Kyonne Smith,Step by Step Guide: Moving To New York City For Broke People + How I Survive In NYC,64K,3 years,Here is a step by step guide on moving to nyc for those who don't come from money and aren't rich! I've also included what I get¬†...,2024-01-26 21:42:44.196533
